{"QF Searching": [0.0011205673217773438, 0.00041413307189941406, 0.0043451786041259766, 0.0012011528015136719, 0.0007164478302001953], "CF Searching": [0.010645866394042969, 0.0017511844635009766, 0.020956754684448242, 0.003503561019897461, 0.0030145645141601562], "Integration": [0.5940568447113037, 0.9907705783843994, 7.93523097038269, 4.045948266983032, 1.6717803478240967], "nntest": [8.10317587852478, 4.6204164028167725, 41.27860188484192, 9.930096626281738, 4.410482406616211]}